MUT	ALA790	LEU902	THR786	ARG903	THR785	GLN938	GLU783	PHE788	PRO907	THR791
ALA	30.1	30.22	30.33	25.99	30.74	30.13	28.06	30.24	29.78	29.96
ARG	29.95	34.4	29.57	30.1	26.87	32.58	26.9	30.94	32.53	31.63
ASN	29.96	30.35	29.82	23.92	30.16	30.09	28.43	30.39	30.1	30.95
ASP	31.8	28.02	32.61	23.87	31.32	29.15	30.83	28.28	24.85	30.92
CYS	29.87	29.59	29.99	24.37	29.91	30.47	27.9	30.62	29.56	30.93
GLN	30.1	29.27	29.09	24.69	29.64	30.1	27.69	30.67	30.02	31.79
GLU	30.7	22.8	29.58	21.98	31.59	27.55	30.1	29.44	23.74	31.31
HSD	30.46	30.51	29.11	29.28	30.04	30.82	28.3	30.64	28.15	30.39
ILE	29.59	30.19	31.18	24.73	28.71	31.34	27.9	30.1	30.12	32.53
LEU	30.02	30.1	30.08	24.79	30.58	31.27	28.32	30.38	29.84	33.65
LYS	30.14	35.29	29.65	32.16	29.55	31.8	27.64	31.12	33.18	31.69
MET	29.26	30.49	30.78	24.11	30.54	31.77	27.82	30.78	29.66	31.94
PHE	29.79	29.14	29.92	24.46	32.02	29.65	28.56	30.1	28.2	29.18
PRO	31.41	30.38	29.81	29.37	28.2	30.29	27.89	30.49	30.1	31.7
SER	29.76	29.41	29.6	24.72	30.44	30.27	28.13	30.53	29.17	30.2
THR	29.91	30.61	30.1	25.78	30.1	30.24	28.45	29.98	29.3	30.1
TRP	30.63	30.79	30.35	26.28	29.32	31.59	28.33	29.35	28.11	33.51
TYR	31.12	40.99	30.4	26.61	30.49	28.69	28.76	30.22	28.09	32.93
VAL	29.67	30.06	30.2	24.59	30.74	30.56	27.85	29.65	29.96	30.82
